Minimum age,18,,,,,,,,,,,
Maximum age,65,,,,,,,,,,,
,,,,,,,,,,,,
put here a drop down with all the names from A13:A1012,has paid?,,,,,,,,,,,
,is on row:,,,,,,,,,,,
,,,,,,,,,,,,
put here a drop down with the options Age/paid/,is in column:,,,,,,,,,,,
,,,,,,,,,,,,
put here a drop down with all the names from A13:A22,,,,,,,,,,,,
put here a drop down with the options Age/paid/,,,,,,,,,,,,
,,,,,,,,,,,,
Name,Age,Paid,Age Known?,"names without leading, trailing and multiple consecutive spaces",Names in capitals,Drop the 4 first characters,"The position of the "". """,What is/are the initials of the first name,What is/are the initials of the first name,What is the last name,Lastname - InitialsFirstName,Deleted the . after Ms or Mr
Ms.   A. Krzywdzik (Antoine !*),30,N,,,,,,,,,,
Ms.   A. Palayret (Antonin !*),52,N,,,,,,,,,,
Mr. A. Le Clerc De Bussy (Apolline !*),74,N,,,,,,,,,,
Mr. A. Blanchard     (Ariane !*),30,N,,,,,,,,,,
Ms.   G.F.  Peyraud     (Gilles Florian !*),50,N,,,,,,,,,,
Mr. A. Ngimbous (Arnaud     !*),,N,,,,,,,,,,
Ms.   A. Du Perche (Arnoux !*),13,Y,,,,,,,,,,
Mr. A. Ory (Arthur !*),49,Y,,,,,,,,,,
Ms.   A. Thilloy (Athena !*),65,Y,,,,,,,,,,
Ms.   A. Sow (Aude !*),28,N,,,,,,,,,,
Ms.   A. Antier (Audrey !*),85,Y,,,,,,,,,,
Mr. F.F.  Besson (Felix Ferdinand     !*),53,Y,,,,,,,,,,
Mr. A. Francois Nien Aber (Augustin !*),40,N,,,,,,,,,,
Ms.   A. Atondo (Aurelia !*),53,Y,,,,,,,,,,
Mr. A. Gratte Panche (Aurelie !*),54,N,,,,,,,,,,
Ms.   A. Bretxa (Axel !*),,Y,,,,,,,,,,
Mr. A. Delorge (Aymar !*),30,N,,,,,,,,,,
Ms.   F.J. La Serre (Francois Joseph !*),57,Y,,,,,,,,,,
Ms.   B. Laurent (Balthazar !*),33,Y,,,,,,,,,,
Ms.   B. Grand     Jeat (Baptiste !*),82,N,,,,,,,,,,
Mr. B. Wadih (Baptistine !*),31,Y,,,,,,,,,,
Mr. B. Mc Barnouin (Bartlomiej !*),21,Y,,,,,,,,,,
Ms.   B. Duhamel (Basile !*),19,Y,,,,,,,,,,
Mr. C. Gouget (Charlotte !*),82,N,,,,,,,,,,
Ms.   C.J.P. Leder (Charles Jean Patrick !*),61,Y,,,,,,,,,,
Mr. B. Caron (Benedicte !*),74,N,,,,,,,,,,
Ms.   B. Mendez Ceniga (Benjamin !*),36,N,,,,,,,,,,
Ms.   B. Roquette (Birassi !*),62,N,,,,,,,,,,
Ms.   J.C. Roos (Jean Christophe !*),30,N,,,,,,,,,,
Mr. C. Delepoulle (Camille !*),33,Y,,,,,,,,,,
Mr. C. Dumoulin De La Breteche (Cao !*),54,N,,,,,,,,,,
Ms.   J.L.M. Gourdin (Jean Louis Marco !*),43,Y,,,,,,,,,,
Mr. C. Vanhoye (Cecilesun !*),45,Y,,,,,,,,,,
Ms.   C. Tabet (Cecilia !*),75,Y,,,,,,,,,,
Mr. C. Djordjevic (Charlene !*),32,N,,,,,,,,,,
Ms.   A.S.P. Du Bazillon (Anne Sophie Pauline !*),15,Y,,,,,,,,,,
Mr. F.  Martin (Flore !*),82,N,,,,,,,,,,
Mr. F.  Salimon (Florentino !*),83,Y,,,,,,,,,,
Ms.   A.F.  Bouyer (Anne Fleure !*),30,N,,,,,,,,,,
Mr. F.  Le Pays Du Teilleul (Frederic !*),85,Y,,,,,,,,,,
Ms.   G. Lyon (Gabrielle !*),14,N,,,,,,,,,,
Mr. G. Pony (Gaspard     !*),62,N,,,,,,,,,,
Ms.   F.  Ramos (Franck !*),56,N,,,,,,,,,,
Ms.   L.R. Amsler (Laure Ruth !*),18,N,,,,,,,,,,
Ms.   V. Le Brissault (Valentin !*),41,Y,,,,,,,,,,
Mr. V. Dumont (Valentine !*),75,Y,,,,,,,,,,
Mr. V. De Butterlin (Vianney !*),53,Y,,,,,,,,,,
Ms.   C.P. Berson (Charles Patrick !*),79,Y,,,,,,,,,,
Mr. V. Van Doesburg (Victorm !*),57,Y,,,,,,,,,,
Ms.   V. Desmons (Victoria !*),81,Y,,,,,,,,,,
Ms.   V. Le Zimmermann (Virgile !*),80,N,,,,,,,,,,
Mr. C.H. Massot (Charles Henri !*),59,Y,,,,,,,,,,
Ms.   W. Du Poquillon (William !*),63,Y,,,,,,,,,,
Mr. X. Olivier (Xavier !*),36,N,,,,,,,,,,
Mr. X. Chau Rang (Xu !*),68,N,,,,,,,,,,
Ms.   A.G. Bar (Auriane Giselemarie !*),87,Y,,,,,,,,,,
Ms.   Y. Brucker (Yann !*),56,N,,,,,,,,,,
Ms.   A. Le Roullier (Adrian !*),65,Y,,,,,,,,,,
Mr. A. Feret (Agathe !*),44,N,,,,,,,,,,
Mr. A. Le Six (Alberto !*),27,Y,,,,,,,,,,
Ms.   A. Pouch (Aldric !*),80,N,,,,,,,,,,
Mr. A. Babaaissa (Alexandra !*),12,N,,,,,,,,,,
Ms.   A.K. Bossavit (Anna Katharina !*),24,N,,,,,,,,,,
Mr. A. Shikh Anova (Alexandre !*),41,Y,,,,,,,,,,
Ms.   A. Karam (Alexis !*),20,N,,,,,,,,,,
Ms.   A. Chami (Alice !*),32,N,,,,,,,,,,
Ms.   A. Rieker (Alicia !*),,Y,,,,,,,,,,
Mr. A.E. Du Olivaud     (Anne Elisabeth !*),21,Y,,,,,,,,,,
Mr. A. Rameau (Alienor !*),21,Y,,,,,,,,,,
Ms.   A. Godin (Alix !*),78,N,,,,,,,,,,
Mr. A. Boulais (Alois !*),26,N,,,,,,,,,,
Ms.   A. Cotten (Amandine !*),22,N,,,,,,,,,,
Mr. A. De Montchenu (Amaury !*),38,N,,,,,,,,,,
Ms.   A.S. Maes (Anne Sophie !*),41,Y,,,,,,,,,,
Ms.   A. Hoffman (Amelia !*),36,N,,,,,,,,,,
Ms.   A. It Ty (Amelie !*),76,N,,,,,,,,,,
Mr. A. Lebec (Amine !*),12,N,,,,,,,,,,
Mr. A. Pointeau (Anais !*),69,Y,,,,,,,,,,
Ms.   A. Seiller (Anastasia !*),53,Y,,,,,,,,,,
Mr. A.C. Simon (Alice Celeste !*),25,Y,,,,,,,,,,
Ms.   A. Lannes De Montebello (Andrea !*),49,Y,,,,,,,,,,
Mr. A. Goehrs (Anis !*),75,Y,,,,,,,,,,
Ms.   J. Laborde (Jeanne !*),83,Y,,,,,,,,,,
Ms.   J. Lamart Ablasco (Jessica !*),26,N,,,,,,,,,,
Mr. J. Thery (Jonathan !*),58,N,,,,,,,,,,
Mr. A.H. Bogard     (Alice Helene !*),41,Y,,,,,,,,,,
Ms.   J. Cost Argent (Jules !*),53,Y,,,,,,,,,,
Mr. J. Gauthier (Julie !*),51,Y,,,,,,,,,,
Ms.   A. Karam (Alexis !*),20,N,,,,,,,,,,
Mr. G. Pony (Gaspard     !*),62,N,,,,,,,,,,
Ms.   C. Verhaeghe (Charlotte !*),54,N,,,,,,,,,,
Mr. V. Gratte Panche (Valentin !*),78,N,,,,,,,,,,
Ms.   F.J. Du Guettier (Francois Joseph !*),60,N,,,,,,,,,,
Mr. C.P. Hayot (Charles Patrick !*),23,Y,,,,,,,,,,
Ms.   J. De La Fontaine De Follin (Julien !*),14,N,,,,,,,,,,
Mr. A. Jallot (Annezoe !*),12,N,,,,,,,,,,
Ms.   A.A. Assierdepompignan (Ad     Alberto !*),82,N,,,,,,,,,,
Ms.   A. Berthault (Anselme !*),77,Y,,,,,,,,,,
Ms.   A. Jacqmin (Antoine !*),,N,,,,,,,,,,
Mr. A. Mazurel (Antonin !*),43,Y,,,,,,,,,,
Mr. A. Michel (Apolline !*),75,Y,,,,,,,,,,
Ms.   A. Tisserand     (Ariane !*),25,Y,,,,,,,,,,
Mr. G.F.  Du Chevillotte (Gilles Florian !*),84,N,,,,,,,,,,
Ms.   A. Gloaguen (Arnaud     !*),41,Y,,,,,,,,,,
Mr. A. Wis (Arnoux !*),53,Y,,,,,,,,,,
Ms.   A. Le Laurent (Arthur !*),53,Y,,,,,,,,,,
Ms.   A. La Coste (Athena !*),60,N,,,,,,,,,,
Ms.   A. Malbernard     (Aude !*),24,N,,,,,,,,,,
Mr. A. Futtersack (Audrey !*),17,Y,,,,,,,,,,
Mr. F.F.  Jourdier (Felix Ferdinand     !*),53,Y,,,,,,,,,,
Ms.   A. Boulenger (Augustin !*),42,N,,,,,,,,,,
Mr. A. Dedieu (Aurelia !*),67,Y,,,,,,,,,,
Ms.   A. Hayet (Aurelie !*),30,N,,,,,,,,,,
Mr. A. Guerin (Axel !*),54,N,,,,,,,,,,
Ms.   A. Hayot (Aymar !*),27,Y,,,,,,,,,,
Ms.   F.J. Du Guettier (Francois Joseph !*),60,N,,,,,,,,,,
Ms.   B. Ollivier (Balthazar !*),60,N,,,,,,,,,,
Mr. B. Flajolet (Baptiste !*),78,N,,,,,,,,,,
Mr. B. Du Moulin De La Breteche (Baptistine !*),34,N,,,,,,,,,,
Ms.   B. Detudert (Bartlomiej !*),74,N,,,,,,,,,,
Mr. B. Faure (Basile !*),26,N,,,,,,,,,,
Ms.   C. Verhaeghe (Charlotte !*),54,N,,,,,,,,,,
Mr. C.J.P. Dagorne (Charles Jean Patrick !*),66,N,,,,,,,,,,
Ms.   B. Delannoy (Benedicte !*),78,N,,,,,,,,,,
Ms.   B. Gazeau (Benjamin !*),59,Y,,,,,,,,,,
Ms.   B. Liagre (Birassi !*),30,N,,,,,,,,,,
Mr. J.C. La Carouge (Jean Christophe !*),63,Y,,,,,,,,,,
Mr. C. Stauffer (Camille !*),74,N,,,,,,,,,,
Ms.   C. Bissery (Cao !*),39,Y,,,,,,,,,,
Mr. J.L.M. Krzywdzik (Jean Louis Marco !*),52,N,,,,,,,,,,
Ms.   C. Palayret (Cecilesun !*),41,Y,,,,,,,,,,
Mr. C. Le Clerc De Bussy (Cecilia !*),21,Y,,,,,,,,,,
Ms.   C. Blanchard     (Charlene !*),71,Y,,,,,,,,,,
Ms.   C. Peyraud     (Cheikh !*),81,Y,,,,,,,,,,
Mr. A.S.P. Du Perche (Anne Sophie Pauline !*),14,N,,,,,,,,,,
Mr. A.F.  Sow (Anne Fleure !*),57,Y,,,,,,,,,,
Ms.   F.  Antier (Frederic !*),56,N,,,,,,,,,,
Mr. G. Besson (Gabrielle !*),52,N,,,,,,,,,,
Ms.   G. Francois Nien Aber (Gaspard     !*),70,N,,,,,,,,,,
Ms.   F.  Dangre (Franck !*),25,Y,,,,,,,,,,
Ms.   L.R. Leenhardt (Laure Ruth !*),82,N,,,,,,,,,,
Mr. V. Gratte Panche (Valentin !*),78,N,,,,,,,,,,
Mr. V. La Serre (Victoire !*),73,Y,,,,,,,,,,
Ms.   V. Wadih (Victorm !*),28,N,,,,,,,,,,
Ms.   V. Duhamel (Vincent !*),,N,,,,,,,,,,
Mr. W. Mendez Ceniga (William !*),72,N,,,,,,,,,,
Ms.   Y. Gourdin (Yann !*),13,Y,,,,,,,,,,
Mr. A. Vanhoye (Adrian !*),52,N,,,,,,,,,,
Mr. A. Le Fuller (Aldric !*),69,Y,,,,,,,,,,
Ms.   A. Martin (Alexandre !*),17,Y,,,,,,,,,,
Ms.   A. Bouyer (Alice !*),15,Y,,,,,,,,,,
Mr. A. Le Pays Du Teilleul (Alicia !*),83,Y,,,,,,,,,,
Mr. A. Ramos (Alix !*),62,N,,,,,,,,,,
Ms.   A. Dumont (Amaury !*),78,N,,,,,,,,,,
Ms.   A. Gilson (Amelia !*),39,Y,,,,,,,,,,
Mr. A. Niel (Amelie !*),56,N,,,,,,,,,,
Mr. A. Desmons (Anastasia !*),68,N,,,,,,,,,,
Ms.   A. Guery (Anis !*),43,Y,,,,,,,,,,
Mr. J. Olivier (Jessica !*),43,Y,,,,,,,,,,
Mr. J. Bar (Jules !*),33,Y,,,,,,,,,,
Ms.   A. Feret (Annezoe !*),82,N,,,,,,,,,,
Ms.   A. Pouch (Anselme !*),68,N,,,,,,,,,,
Mr. A. Babaaissa (Antoine !*),16,N,,,,,,,,,,
Mr. A. Karam (Ariane !*),67,Y,,,,,,,,,,
Ms.   A. Du Olivaud     (Arnoux !*),84,N,,,,,,,,,,
Ms.   A. Godin (Athena !*),16,N,,,,,,,,,,
Mr. A. Boulais (Aude !*),12,N,,,,,,,,,,
Mr. A. Maes (Augustin !*),87,Y,,,,,,,,,,
Ms.   A. Lebec (Axel !*),,N,,,,,,,,,,
Ms.   F.J. Seiller (Francois Joseph !*),31,Y,,,,,,,,,,
Mr. B. Simon (Balthazar !*),60,N,,,,,,,,,,
Mr. B. Laborde (Bartlomiej !*),63,Y,,,,,,,,,,
Ms.   C.J.P. Thery (Charles Jean Patrick !*),75,Y,,,,,,,,,,
Ms.   B. Cost Argent (Benjamin !*),43,Y,,,,,,,,,,
Mr. B. Gauthier (Birassi !*),33,Y,,,,,,,,,,
Mr. C. Assierdepompignan (Cao !*),64,N,,,,,,,,,,
Ms.   C. Mazurel (Cecilia !*),77,Y,,,,,,,,,,
Ms.   C. Tisserand     (Cheikh !*),32,N,,,,,,,,,,
Mr. F.  Le Laurent (Florentino !*),65,Y,,,,,,,,,,
Ms.   L.R. Futtersack (Laure Ruth !*),52,N,,,,,,,,,,
Ms.   V. Jourdier (Valentin !*),59,Y,,,,,,,,,,
Ms.   V. Boulenger (Valentine !*),84,N,,,,,,,,,,
Mr. V. Dedieu (Vianney !*),,N,,,,,,,,,,
Mr. V. Hayet (Victoire !*),16,N,,,,,,,,,,
Mr. C.P. Hayot (Charles Patrick !*),23,Y,,,,,,,,,,
Mr. V. Ollivier (Victoria !*),55,Y,,,,,,,,,,
Ms.   V. Flajolet (Vincent !*),28,N,,,,,,,,,,
Ms.   V. Du Moulin De La Breteche (Virgile !*),81,Y,,,,,,,,,,
Mr. C.H. Faure (Charles Henri !*),19,Y,,,,,,,,,,
Mr. W. Verhaeghe (William !*),,Y,,,,,,,,,,
Ms.   X. Dagorne (Xavier !*),87,Y,,,,,,,,,,
Mr. X. Delannoy (Xingyu !*),28,N,,,,,,,,,,
Ms.   X. Gazeau (Xu !*),28,N,,,,,,,,,,
Mr. A.G. Liagre (Auriane Giselemarie !*),74,N,,,,,,,,,,
Ms.   Y. La Carouge (Yann !*),55,Y,,,,,,,,,,
Ms.   A. Stauffer (Adrian !*),35,Y,,,,,,,,,,
Ms.   A. Bissery (Agathe !*),15,Y,,,,,,,,,,
Mr. A. Krzywdzik (Alberto !*),31,Y,,,,,,,,,,
Mr. A. Palayret (Aldric !*),65,Y,,,,,,,,,,
Ms.   A. Le Clerc De Bussy (Alexandra !*),25,Y,,,,,,,,,,
Mr. A.K. Blanchard     (Anna Katharina !*),45,Y,,,,,,,,,,
Ms.   A. Peyraud     (Alexandre !*),80,N,,,,,,,,,,
Mr. A. Ngimbous (Alexis !*),47,Y,,,,,,,,,,
Ms.   A. Du Perche (Alice !*),56,N,,,,,,,,,,
Ms.   A. Ory (Alicia !*),53,Y,,,,,,,,,,
Ms.   A.E. Thilloy (Anne Elisabeth !*),47,Y,,,,,,,,,,
Mr. A. Sow (Alienor !*),14,N,,,,,,,,,,
Mr. A. Antier (Alix !*),40,N,,,,,,,,,,
Ms.   A. Besson (Alois !*),77,Y,,,,,,,,,,
Mr. A. Francois Nien Aber (Amandine !*),75,Y,,,,,,,,,,
Ms.   A. Atondo (Amaury !*),72,N,,,,,,,,,,
Mr. A.S. Gratte Panche (Anne Sophie !*),17,Y,,,,,,,,,,
Ms.   A. Bretxa (Amelia !*),57,Y,,,,,,,,,,
Ms.   A. Delorge (Amelie !*),31,Y,,,,,,,,,,
Ms.   A. La Serre (Amine !*),31,Y,,,,,,,,,,
Mr. A. Laurent (Anais !*),59,Y,,,,,,,,,,
Mr. A. Grand     Jeat (Anastasia !*),34,N,,,,,,,,,,
Ms.   A.C. Wadih (Alice Celeste !*),73,Y,,,,,,,,,,
Mr. A. Mc Barnouin (Andrea !*),17,Y,,,,,,,,,,
Ms.   A. Duhamel (Anis !*),48,N,,,,,,,,,,
Mr. J. Gouget (Jeanne !*),33,Y,,,,,,,,,,
Ms.   J. Caron (Jessica !*),,N,,,,,,,,,,
Ms.   J. Mendez Ceniga (Jonathan !*),61,Y,,,,,,,,,,
Mr. A.H. Roquette (Alice Helene !*),36,N,,,,,,,,,,
Mr. J. Dumoulin De La Breteche (Julien !*),87,Y,,,,,,,,,,
Ms.   A. Gourdin (Annezoe !*),17,Y,,,,,,,,,,
Mr. A.A. Vanhoye (Ad     Alberto !*),44,N,,,,,,,,,,
Ms.   A. Tabet (Anselme !*),63,Y,,,,,,,,,,
Ms.   A. Djordjevic (Antoine !*),58,N,,,,,,,,,,
Ms.   A. Le Fuller (Antonin !*),47,Y,,,,,,,,,,
Mr. A. Roehri (Apolline !*),79,Y,,,,,,,,,,
Mr. A. Du Bazillon (Ariane !*),14,N,,,,,,,,,,
Ms.   G.F.  Martin (Gilles Florian !*),,N,,,,,,,,,,
Mr. A. Salimon (Arnaud     !*),66,N,,,,,,,,,,
Ms.   A. Bouyer (Arnoux !*),55,Y,,,,,,,,,,
Mr. A. Le Pays Du Teilleul (Arthur !*),83,Y,,,,,,,,,,
Ms.   A. Lyon (Athena !*),40,N,,,,,,,,,,
Ms.   A. Pony (Aude !*),80,N,,,,,,,,,,
Ms.   A. Ramos (Audrey !*),16,N,,,,,,,,,,
Mr. F.F.  Amsler (Felix Ferdinand     !*),39,Y,,,,,,,,,,
Mr. A. Le Brissault (Augustin !*),17,Y,,,,,,,,,,
Ms.   A. Dumont (Aurelia !*),47,Y,,,,,,,,,,
Mr. A. De Butterlin (Aurelie !*),84,N,,,,,,,,,,
Ms.   A. Gilson (Axel !*),83,Y,,,,,,,,,,
Mr. A. Niel (Aymar !*),50,N,,,,,,,,,,
Ms.   F.J. Berson (Francois Joseph !*),57,Y,,,,,,,,,,
Ms.   B. Van Doesburg (Balthazar !*),25,Y,,,,,,,,,,
Ms.   B. Desmons (Baptiste !*),64,N,,,,,,,,,,
Mr. B. Simon (Baptistine !*),48,N,,,,,,,,,,
Mr. B. Le Zimmermann (Bartlomiej !*),80,N,,,,,,,,,,
Ms.   B. Guery (Basile !*),19,Y,,,,,,,,,,
Mr. C. Massot (Charlotte !*),77,Y,,,,,,,,,,
Ms.   C.J.P. Du Poquillon (Charles Jean Patrick !*),35,Y,,,,,,,,,,
Ms.   B. Bruyere (Benjamin !*),36,N,,,,,,,,,,
Ms.   B. Chau Rang (Birassi !*),52,N,,,,,,,,,,
Ms.   J.C. Bar (Jean Christophe !*),26,N,,,,,,,,,,
Mr. C. Brucker (Camille !*),,N,,,,,,,,,,
Mr. C. Le Roullier (Cao !*),87,Y,,,,,,,,,,
Ms.   J.L.M. Feret (Jean Louis Marco !*),74,N,,,,,,,,,,
Ms.   C. Pouch (Cecilia !*),32,N,,,,,,,,,,
Mr. C. Babaaissa (Charlene !*),86,N,,,,,,,,,,
Ms.   C. Bossavit (Cheikh !*),21,Y,,,,,,,,,,
Ms.   C. Shikh Anova (Chen !*),44,N,,,,,,,,,,
Ms.   A.S.P. Karam (Anne Sophie Pauline !*),34,N,,,,,,,,,,
Mr. F.  Chami (Flore !*),71,Y,,,,,,,,,,
Ms.   A.F.  Du Olivaud     (Anne Fleure !*),66,N,,,,,,,,,,
Mr. L.R. Rameau (Laure Ruth !*),60,N,,,,,,,,,,
Ms.   V. Godin (Valentin !*),14,N,,,,,,,,,,
Mr. V. Boulais (Valentine !*),37,Y,,,,,,,,,,
Ms.   V. Cotten (Vianney !*),,Y,,,,,,,,,,
Ms.   V. Maes (Victor !*),54,N,,,,,,,,,,
Mr. C.P. Hoffman (Charles Patrick !*),63,Y,,,,,,,,,,
Ms.   V. Lebec (Victoria !*),76,N,,,,,,,,,,
Mr. V. Pointeau (Vincent !*),34,N,,,,,,,,,,
Ms.   C.H. Lannes De Montebello (Charles Henri !*),50,N,,,,,,,,,,
Ms.   W. Goehrs (William !*),54,N,,,,,,,,,,
Ms.   X. Laborde (Xavier !*),48,N,,,,,,,,,,
Mr. X. Lamart Ablasco (Xu !*),57,Y,,,,,,,,,,
Ms.   A.G. Thery (Auriane Giselemarie !*),14,N,,,,,,,,,,
Mr. Y. Bogard     (Yann !*),68,N,,,,,,,,,,
Ms.   A. Cost Argent (Adrian !*),48,N,,,,,,,,,,
Mr. A. Gauthier (Agathe !*),28,N,,,,,,,,,,
Ms.   A. De La Fontaine De Follin (Alberto !*),17,Y,,,,,,,,,,
Ms.   A. Jallot (Aldric !*),37,Y,,,,,,,,,,
Ms.   A. Assierdepompignan (Alexandra !*),68,N,,,,,,,,,,
Mr. A.K. Berthault (Anna Katharina !*),82,N,,,,,,,,,,
Mr. A. Jacqmin (Alexandre !*),25,Y,,,,,,,,,,
Mr. V. Stauffer (Valentin !*),78,N,,,,,,,,,,
Ms.   A. Lyon (Alexandra !*),52,N,,,,,,,,,,
Ms.   A.C. Bruyere (Alice Celeste !*),45,Y,,,,,,,,,,
Ms.   A. Roquette (Axel !*),81,Y,,,,,,,,,,
Ms.   A. Mazurel (Alexis !*),,N,,,,,,,,,,
Mr. A. Michel (Alice !*),54,N,,,,,,,,,,
Ms.   A. Tisserand     (Alicia !*),65,Y,,,,,,,,,,
Mr. A.E. Du Chevillotte (Anne Elisabeth !*),82,N,,,,,,,,,,
Ms.   A. Gloaguen (Alienor !*),52,N,,,,,,,,,,
Ms.   A. Wis (Alix !*),50,N,,,,,,,,,,
Ms.   A. Le Laurent (Alois !*),37,Y,,,,,,,,,,
Mr. A. La Coste (Amandine !*),73,Y,,,,,,,,,,
Mr. B. Dedieu (Benjamin !*),30,N,,,,,,,,,,
Ms.   J.C. Guerin (Jean Christophe !*),27,Y,,,,,,,,,,
Ms.   C. Hayot (Camille !*),52,N,,,,,,,,,,
Mr. C. Du Guettier (Cao !*),13,Y,,,,,,,,,,
Mr. C. Faure (Cheikh !*),23,Y,,,,,,,,,,
Ms.   A.S.P. Dagorne (Anne Sophie Pauline !*),49,Y,,,,,,,,,,
Ms.   F.  Delannoy (Flore !*),27,Y,,,,,,,,,,
Mr. F.  Gazeau (Florentino !*),18,N,,,,,,,,,,
Ms.   L.R. La Carouge (Laure Ruth !*),67,Y,,,,,,,,,,
Mr. V. Stauffer (Valentin !*),78,N,,,,,,,,,,
Ms.   V. Bissery (Valentine !*),48,N,,,,,,,,,,
Mr. V. Krzywdzik (Vianney !*),18,N,,,,,,,,,,
Ms.   V. Palayret (Victoire !*),56,N,,,,,,,,,,
Ms.   C.P. Blanchard     (Charles Patrick !*),68,N,,,,,,,,,,
Mr. V. Peyraud     (Victorm !*),53,Y,,,,,,,,,,
Mr. V. Ngimbous (Victoria !*),31,Y,,,,,,,,,,
Mr. C.H. Sow (Charles Henri !*),37,Y,,,,,,,,,,
Ms.   W. Antier (William !*),64,N,,,,,,,,,,
Ms.   X. Besson (Xavier !*),,N,,,,,,,,,,
Ms.   X. Francois Nien Aber (Xingyu !*),31,Y,,,,,,,,,,
Mr. X. Atondo (Xu !*),69,Y,,,,,,,,,,
Mr. A.G. Gratte Panche (Auriane Giselemarie !*),59,Y,,,,,,,,,,
Ms.   Y. Bretxa (Yann !*),60,N,,,,,,,,,,
Mr. A. Delorge (Adrian !*),12,N,,,,,,,,,,
Ms.   A. La Serre (Agathe !*),67,Y,,,,,,,,,,
Mr. A. Laurent (Alberto !*),19,Y,,,,,,,,,,
Ms.   L.R. Grand     Jeat (Laure Ruth !*),32,N,,,,,,,,,,
Ms.   V. Wadih (Valentin !*),81,Y,,,,,,,,,,
Ms.   V. Mc Barnouin (Valentine !*),42,N,,,,,,,,,,
Mr. V. Duhamel (Vianney !*),86,N,,,,,,,,,,
Mr. C.P. Caron (Charles Patrick !*),24,N,,,,,,,,,,
Ms.   V. Mendez Ceniga (Victorm !*),47,Y,,,,,,,,,,
Mr. V. Roquette (Victoria !*),50,N,,,,,,,,,,
Ms.   W. Dumoulin De La Breteche (Werner !*),33,Y,,,,,,,,,,
Mr. C.H. Gourdin (Charles Henri !*),19,Y,,,,,,,,,,
Mr. W. Vanhoye (William !*),71,Y,,,,,,,,,,
Ms.   X. Tabet (Xavier !*),21,Y,,,,,,,,,,
Mr. A.G. Roehri (Auriane Giselemarie !*),17,Y,,,,,,,,,,
Ms.   Y. Du Bazillon (Yann !*),54,N,,,,,,,,,,
Ms.   A. Martin (Adrian !*),,Y,,,,,,,,,,
Ms.   A. Salimon (Agathe !*),61,Y,,,,,,,,,,
Mr. A. Bouyer (Alberto !*),58,N,,,,,,,,,,
Mr. A. Le Pays Du Teilleul (Aldric !*),47,Y,,,,,,,,,,
Ms.   A. Lyon (Alexandra !*),52,N,,,,,,,,,,
Mr. A.K. Pony (Anna Katharina !*),56,N,,,,,,,,,,
Ms.   A. Ramos (Alexandre !*),47,Y,,,,,,,,,,
Mr. A. Amsler (Alexis !*),24,N,,,,,,,,,,
Ms.   A. Le Brissault (Alice !*),66,N,,,,,,,,,,
Ms.   A. Dumont (Alicia !*),70,N,,,,,,,,,,
Ms.   A.E. De Butterlin (Anne Elisabeth !*),59,Y,,,,,,,,,,
Mr. A. Gilson (Alienor !*),32,N,,,,,,,,,,
Mr. A. Niel (Alix !*),58,N,,,,,,,,,,
Ms.   A. Berson (Alois !*),59,Y,,,,,,,,,,
Mr. A. Van Doesburg (Amandine !*),39,Y,,,,,,,,,,
Ms.   A. Desmons (Amaury !*),75,Y,,,,,,,,,,
Mr. A.S. Simon (Anne Sophie !*),40,N,,,,,,,,,,
Ms.   A. Le Zimmermann (Amelia !*),75,Y,,,,,,,,,,
Ms.   A. Guery (Amelie !*),78,N,,,,,,,,,,
Ms.   A. Massot (Amine !*),43,Y,,,,,,,,,,
Mr. A. Du Poquillon (Anais !*),48,N,,,,,,,,,,
Mr. A. Olivier (Anastasia !*),51,Y,,,,,,,,,,
Ms.   A.C. Bruyere (Alice Celeste !*),45,Y,,,,,,,,,,
Mr. A. Chau Rang (Andrea !*),79,Y,,,,,,,,,,
Ms.   A. Bar (Anis !*),65,Y,,,,,,,,,,
Mr. J. Brucker (Jeanne !*),32,N,,,,,,,,,,
Ms.   J. Feret (Jessica !*),25,Y,,,,,,,,,,
Ms.   J. Le Six (Jonathan !*),74,N,,,,,,,,,,
Mr. A.H. Pouch (Alice Helene !*),23,Y,,,,,,,,,,
Mr. J. Babaaissa (Jules !*),75,Y,,,,,,,,,,
Ms.   J. Bossavit (Julie !*),35,Y,,,,,,,,,,
Mr. J. Shikh Anova (Julien !*),83,Y,,,,,,,,,,
Ms.   A. Karam (Annezoe !*),15,Y,,,,,,,,,,
Mr. A.A. Chami (Ad     Alberto !*),34,N,,,,,,,,,,
Ms.   A. Rieker (Anselme !*),54,N,,,,,,,,,,
Ms.   A. Du Olivaud     (Antoine !*),44,N,,,,,,,,,,
Ms.   A. Atondo (Antonin !*),77,Y,,,,,,,,,,
Mr. A. Gratte Panche (Apolline !*),71,Y,,,,,,,,,,
Mr. A. Bretxa (Ariane !*),31,Y,,,,,,,,,,
Ms.   G.F.  Delorge (Gilles Florian !*),77,Y,,,,,,,,,,
Mr. A. La Serre (Arnaud     !*),43,Y,,,,,,,,,,
Ms.   A. Laurent (Arnoux !*),30,N,,,,,,,,,,
Mr. A. Grand     Jeat (Arthur !*),35,Y,,,,,,,,,,
Ms.   A. Wadih (Athena !*),59,Y,,,,,,,,,,
Ms.   A. Mc Barnouin (Aude !*),37,Y,,,,,,,,,,
Ms.   A. Duhamel (Audrey !*),,N,,,,,,,,,,
Mr. F.F.  Gouget (Felix Ferdinand     !*),54,N,,,,,,,,,,
Mr. A. Leder (Augustin !*),22,N,,,,,,,,,,
Ms.   A. Caron (Aurelia !*),73,Y,,,,,,,,,,
Mr. A. Mendez Ceniga (Aurelie !*),36,N,,,,,,,,,,
Ms.   A. Roquette (Axel !*),81,Y,,,,,,,,,,
Mr. A. Roos (Aymar !*),64,N,,,,,,,,,,
Ms.   F.J. Delepoulle (Francois Joseph !*),23,Y,,,,,,,,,,
Ms.   B. Dumoulin De La Breteche (Balthazar !*),78,N,,,,,,,,,,
Ms.   B. Gourdin (Baptiste !*),73,Y,,,,,,,,,,
Mr. B. Vanhoye (Baptistine !*),18,N,,,,,,,,,,
Mr. B. Tabet (Bartlomiej !*),82,N,,,,,,,,,,
Ms.   B. Djordjevic (Basile !*),21,Y,,,,,,,,,,
Mr. C. Le Fuller (Charlotte !*),37,Y,,,,,,,,,,
Ms.   C.J.P. Roehri (Charles Jean Patrick !*),36,N,,,,,,,,,,
Mr. B. Du Bazillon (Benedicte !*),15,Y,,,,,,,,,,
Ms.   B. Martin (Benjamin !*),69,Y,,,,,,,,,,
Ms.   B. Salimon (Birassi !*),31,Y,,,,,,,,,,
Ms.   J.C. Bouyer (Jean Christophe !*),43,Y,,,,,,,,,,
Mr. C. Le Pays Du Teilleul (Camille !*),34,N,,,,,,,,,,
Mr. C. Lyon (Cao !*),54,N,,,,,,,,,,
Ms.   J.L.M. Pony (Jean Louis Marco !*),30,N,,,,,,,,,,
Mr. C. Ramos (Cecilesun !*),27,Y,,,,,,,,,,
Ms.   C. Amsler (Cecilia !*),43,Y,,,,,,,,,,
Mr. C. Le Brissault (Charlene !*),12,N,,,,,,,,,,
Ms.   A.S.P. Gilson (Anne Sophie Pauline !*),70,N,,,,,,,,,,
Ms.   A.F.  Van Doesburg (Anne Fleure !*),51,Y,,,,,,,,,,
Ms.   G. Simon (Gabrielle !*),55,Y,,,,,,,,,,
Mr. G. Le Zimmermann (Gaspard     !*),45,Y,,,,,,,,,,
Ms.   F.  Guery (Franck !*),40,N,,,,,,,,,,
Ms.   L.R. Massot (Laure Ruth !*),41,Y,,,,,,,,,,
Ms.   V. Du Poquillon (Valentin !*),44,N,,,,,,,,,,
Mr. V. Olivier (Valentine !*),54,N,,,,,,,,,,
Mr. V. Bruyere (Vianney !*),71,Y,,,,,,,,,,
Ms.   V. Chau Rang (Victoire !*),17,Y,,,,,,,,,,
Mr. V. Bar (Victor !*),39,Y,,,,,,,,,,
Ms.   C.P. Brucker (Charles Patrick !*),20,N,,,,,,,,,,
Ms.   V. Feret (Victoria !*),79,Y,,,,,,,,,,
Mr. W. Babaaissa (Werner !*),45,Y,,,,,,,,,,
Mr. C.H. Bossavit (Charles Henri !*),16,N,,,,,,,,,,
Ms.   W. Shikh Anova (William !*),19,Y,,,,,,,,,,
Mr. X. Karam (Xavier !*),37,Y,,,,,,,,,,
Ms.   X. Chami (Xingyu !*),,Y,,,,,,,,,,
Ms.   A.G. Du Olivaud     (Auriane Giselemarie !*),79,Y,,,,,,,,,,
Ms.   Y. Rameau (Yann !*),18,N,,,,,,,,,,
Ms.   A. Godin (Adrian !*),48,N,,,,,,,,,,
Mr. A. Boulais (Agathe !*),67,Y,,,,,,,,,,
Mr. A. Cotten (Alberto !*),52,N,,,,,,,,,,
Ms.   A. De Montchenu (Aldric !*),29,Y,,,,,,,,,,
Mr. A. Maes (Alexandra !*),58,N,,,,,,,,,,
Ms.   A.K. Hoffman (Anna Katharina !*),71,Y,,,,,,,,,,
Mr. A. It Ty (Alexandre !*),65,Y,,,,,,,,,,
Ms.   A. Lebec (Alexis !*),69,Y,,,,,,,,,,
Ms.   A. Pointeau (Alice !*),68,N,,,,,,,,,,
Ms.   A. Seiller (Alicia !*),12,N,,,,,,,,,,
Mr. A.E. Simon (Anne Elisabeth !*),87,Y,,,,,,,,,,
Mr. A. Lannes De Montebello (Alienor !*),28,N,,,,,,,,,,
Ms.   A. Goehrs (Alix !*),30,N,,,,,,,,,,
Mr. A. Laborde (Alois !*),64,N,,,,,,,,,,
Ms.   A. Grob (Amandine !*),73,Y,,,,,,,,,,
Mr. A. Lamart Ablasco (Amaury !*),66,N,,,,,,,,,,
Ms.   A.S. Thery (Anne Sophie !*),28,N,,,,,,,,,,
Ms.   A. Bogard     (Amelia !*),49,Y,,,,,,,,,,
Ms.   A. Cost Argent (Amelie !*),67,Y,,,,,,,,,,
Mr. A. Gauthier (Amine !*),16,N,,,,,,,,,,
Mr. A. De La Fontaine De Follin (Anais !*),25,Y,,,,,,,,,,
Ms.   A. Jallot (Anastasia !*),,N,,,,,,,,,,
Mr. A.C. Assierdepompignan (Alice Celeste !*),31,Y,,,,,,,,,,
Ms.   A. Berthault (Andrea !*),70,N,,,,,,,,,,
Mr. A. Jacqmin (Anis !*),38,N,,,,,,,,,,
Ms.   J. Mazurel (Jeanne !*),80,N,,,,,,,,,,
Ms.   J. Tisserand     (Jessica !*),31,Y,,,,,,,,,,
Mr. J. Du Chevillotte (Jonathan !*),76,N,,,,,,,,,,
Mr. A.H. Gloaguen (Alice Helene !*),45,Y,,,,,,,,,,
Mr. J. Le Laurent (Julie !*),14,N,,,,,,,,,,
Ms.   J. La Coste (Julien !*),19,Y,,,,,,,,,,
Mr. A. Malbernard     (Annezoe !*),15,Y,,,,,,,,,,
Ms.   A.A. Futtersack (Ad     Alberto !*),22,N,,,,,,,,,,
Ms.   A. Jourdier (Anselme !*),72,N,,,,,,,,,,
Ms.   A. Boulenger (Antoine !*),72,N,,,,,,,,,,
Mr. A. Dedieu (Antonin !*),48,N,,,,,,,,,,
Mr. A. Hayet (Apolline !*),41,Y,,,,,,,,,,
Ms.   A. Guerin (Ariane !*),12,N,,,,,,,,,,
Mr. G.F.  Hayot (Gilles Florian !*),63,Y,,,,,,,,,,
Ms.   A. Du Guettier (Arnaud     !*),44,N,,,,,,,,,,
Mr. A. Ollivier (Arnoux !*),22,N,,,,,,,,,,
Ms.   A. Flajolet (Arthur !*),31,Y,,,,,,,,,,
Ms.   A. Du Moulin De La Breteche (Athena !*),34,N,,,,,,,,,,
Ms.   A. Detudert (Aude !*),24,N,,,,,,,,,,
Mr. A. Faure (Audrey !*),78,N,,,,,,,,,,
Mr. F.F.  Verhaeghe (Felix Ferdinand     !*),46,N,,,,,,,,,,
Ms.   A. Dagorne (Augustin !*),20,N,,,,,,,,,,
Mr. A. Delannoy (Aurelia !*),79,Y,,,,,,,,,,
Ms.   A. Gazeau (Aurelie !*),35,Y,,,,,,,,,,
Mr. A. Liagre (Axel !*),62,N,,,,,,,,,,
Ms.   A. La Carouge (Aymar !*),18,N,,,,,,,,,,
Ms.   F.J. Stauffer (Francois Joseph !*),21,Y,,,,,,,,,,
Ms.   B. Bissery (Balthazar !*),66,N,,,,,,,,,,
Mr. B. Krzywdzik (Baptiste !*),69,Y,,,,,,,,,,
Mr. B. Palayret (Baptistine !*),38,N,,,,,,,,,,
Ms.   B. Le Clerc De Bussy (Bartlomiej !*),73,Y,,,,,,,,,,
Mr. B. Blanchard     (Basile !*),16,N,,,,,,,,,,
Ms.   C. Peyraud     (Charlotte !*),16,N,,,,,,,,,,
Mr. C.J.P. Ngimbous (Charles Jean Patrick !*),39,Y,,,,,,,,,,
Ms.   B. Ory (Benjamin !*),68,N,,,,,,,,,,
Ms.   B. Thilloy (Birassi !*),46,N,,,,,,,,,,
Mr. J.C. Sow (Jean Christophe !*),34,N,,,,,,,,,,
Mr. C. Antier (Camille !*),39,Y,,,,,,,,,,
Ms.   C. Besson (Cao !*),16,N,,,,,,,,,,
Mr. J.L.M. Francois Nien Aber (Jean Louis Marco !*),77,Y,,,,,,,,,,
Ms.   C. Atondo (Cecilesun !*),77,Y,,,,,,,,,,
Mr. C. Gratte Panche (Cecilia !*),12,N,,,,,,,,,,
Ms.   C. Bretxa (Charlene !*),74,N,,,,,,,,,,
Ms.   C. La Serre (Chen !*),40,N,,,,,,,,,,
Mr. A.S.P. Laurent (Anne Sophie Pauline !*),45,Y,,,,,,,,,,
Mr. F.  Grand     Jeat (Flore !*),63,Y,,,,,,,,,,
Ms.   F.  Wadih (Florentino !*),65,Y,,,,,,,,,,
Mr. A.F.  Mc Barnouin (Anne Fleure !*),52,N,,,,,,,,,,
Ms.   F.  Duhamel (Frederic !*),82,N,,,,,,,,,,
Mr. G. Gouget (Gabrielle !*),28,N,,,,,,,,,,
Ms.   G. Leder (Gaspard     !*),74,N,,,,,,,,,,
Ms.   F.  Caron (Franck !*),,Y,,,,,,,,,,
Ms.   L.R. Mendez Ceniga (Laure Ruth !*),20,N,,,,,,,,,,
Mr. V. Roquette (Valentin !*),69,Y,,,,,,,,,,
Mr. V. Roos (Valentine !*),31,Y,,,,,,,,,,
Ms.   V. Delepoulle (Vianney !*),33,Y,,,,,,,,,,
Mr. V. Dumoulin De La Breteche (Victoire !*),67,Y,,,,,,,,,,
Mr. C.P. Vanhoye (Charles Patrick !*),55,Y,,,,,,,,,,
Ms.   V. Tabet (Victorm !*),17,Y,,,,,,,,,,
Ms.   V. Djordjevic (Victoria !*),55,Y,,,,,,,,,,
Mr. W. Du Bazillon (Werner !*),17,Y,,,,,,,,,,
Ms.   C.H. Martin (Charles Henri !*),69,Y,,,,,,,,,,
Mr. W. Salimon (William !*),75,Y,,,,,,,,,,
Ms.   X. Bouyer (Xavier !*),54,N,,,,,,,,,,
Mr. X. Le Pays Du Teilleul (Xingyu !*),40,N,,,,,,,,,,
Ms.   A.G. Pony (Auriane Giselemarie !*),62,N,,,,,,,,,,
Ms.   Y. Ramos (Yann !*),57,Y,,,,,,,,,,
Mr. A. Amsler (Adrian !*),22,N,,,,,,,,,,
Mr. A. Le Brissault (Agathe !*),74,N,,,,,,,,,,
Ms.   A. Dumont (Alberto !*),26,N,,,,,,,,,,
Mr. A. De Butterlin (Aldric !*),49,Y,,,,,,,,,,
Ms.   A. Gilson (Alexandra !*),24,N,,,,,,,,,,
Mr. A.K. Niel (Anna Katharina !*),30,N,,,,,,,,,,
Ms.   A. Berson (Alexandre !*),39,Y,,,,,,,,,,
Ms.   A. Van Doesburg (Alexis !*),55,Y,,,,,,,,,,
Ms.   A. Desmons (Alice !*),38,N,,,,,,,,,,
Mr. A. Simon (Alicia !*),82,N,,,,,,,,,,
Mr. A.E. Le Zimmermann (Anne Elisabeth !*),31,Y,,,,,,,,,,
Ms.   A. Guery (Alienor !*),33,Y,,,,,,,,,,
Mr. A. Massot (Alix !*),22,N,,,,,,,,,,
Ms.   A. Du Poquillon (Alois !*),79,Y,,,,,,,,,,
Mr. A. Olivier (Amandine !*),71,Y,,,,,,,,,,
Ms.   A. Bruyere (Amaury !*),60,N,,,,,,,,,,
Ms.   A.S. Chau Rang (Anne Sophie !*),23,Y,,,,,,,,,,
Ms.   A. Bar (Amelia !*),73,Y,,,,,,,,,,
Mr. A. Brucker (Amelie !*),80,N,,,,,,,,,,
Mr. A. Le Roullier (Amine !*),85,Y,,,,,,,,,,
Ms.   A. Feret (Anais !*),45,Y,,,,,,,,,,
Mr. A. Le Six (Anastasia !*),79,Y,,,,,,,,,,
Ms.   A.C. Pouch (Alice Celeste !*),46,N,,,,,,,,,,
Mr. A. Babaaissa (Andrea !*),,N,,,,,,,,,,
Ms.   A. Bossavit (Anis !*),84,N,,,,,,,,,,
Ms.   J. Shikh Anova (Jeanne !*),64,N,,,,,,,,,,
Ms.   J. Karam (Jeremy !*),28,N,,,,,,,,,,
Mr. J. Chami (Jessica !*),35,Y,,,,,,,,,,
Mr. J. Rieker (Jonathan !*),37,Y,,,,,,,,,,
Ms.   A.H. Du Olivaud     (Alice Helene !*),80,N,,,,,,,,,,
Mr. J. Rameau (Jules !*),39,Y,,,,,,,,,,
Mr. J. Boulais (Julien !*),13,Y,,,,,,,,,,
Ms.   A. Cotten (Annezoe !*),84,N,,,,,,,,,,
Ms.   A.A. De Montchenu (Ad     Alberto !*),15,Y,,,,,,,,,,
Ms.   A. Maes (Anselme !*),15,Y,,,,,,,,,,
Mr. A. Hoffman (Antoine !*),29,Y,,,,,,,,,,
Mr. A. It Ty (Antonin !*),82,N,,,,,,,,,,
Ms.   A. Lebec (Apolline !*),17,Y,,,,,,,,,,
Mr. A. Pointeau (Ariane !*),45,Y,,,,,,,,,,
Ms.   G.F.  Seiller (Gilles Florian !*),26,N,,,,,,,,,,
Mr. A. Simon (Arnaud     !*),46,N,,,,,,,,,,
Ms.   A. Lannes De Montebello (Arnoux !*),45,Y,,,,,,,,,,
Ms.   A. Goehrs (Arthur !*),39,Y,,,,,,,,,,
Ms.   A. Laborde (Athena !*),87,Y,,,,,,,,,,
Mr. A. Grob (Aude !*),49,Y,,,,,,,,,,
Mr. A. Lamart Ablasco (Audrey !*),27,Y,,,,,,,,,,
Ms.   F.F.  Thery (Felix Ferdinand     !*),70,N,,,,,,,,,,
Mr. A. Bogard     (Augustin !*),82,N,,,,,,,,,,
Ms.   A. Cost Argent (Aurelia !*),45,Y,,,,,,,,,,
Mr. A. Gauthier (Aurelie !*),75,Y,,,,,,,,,,
Ms.   A. De La Fontaine De Follin (Axel !*),87,Y,,,,,,,,,,
Ms.   A. Jallot (Aymar !*),71,Y,,,,,,,,,,
Ms.   F.J. Assierdepompignan (Francois Joseph !*),44,N,,,,,,,,,,
Mr. B. Berthault (Balthazar !*),67,Y,,,,,,,,,,
Mr. B. Jacqmin (Baptiste !*),27,Y,,,,,,,,,,
Ms.   B. Mazurel (Baptistine !*),38,N,,,,,,,,,,
Mr. B. Michel (Bartlomiej !*),34,N,,,,,,,,,,
Ms.   B. Tisserand     (Basile !*),73,Y,,,,,,,,,,
Mr. C. Du Chevillotte (Charlotte !*),30,N,,,,,,,,,,
Ms.   C.J.P. Gloaguen (Charles Jean Patrick !*),75,Y,,,,,,,,,,
Ms.   B. Le Laurent (Benjamin !*),19,Y,,,,,,,,,,
Mr. B. La Coste (Birassi !*),68,N,,,,,,,,,,
Mr. J.C. Malbernard     (Jean Christophe !*),32,N,,,,,,,,,,
Ms.   C. Futtersack (Camille !*),77,Y,,,,,,,,,,
Mr. C. Jourdier (Cao !*),58,N,,,,,,,,,,
Ms.   J.L.M. Boulenger (Jean Louis Marco !*),,N,,,,,,,,,,
Ms.   C. Hayet (Cecilia !*),23,Y,,,,,,,,,,
Ms.   C. Guerin (Charlene !*),71,Y,,,,,,,,,,
Ms.   C. Hayot (Cheikh !*),64,N,,,,,,,,,,
Mr. A.S.P. Ollivier (Anne Sophie Pauline !*),59,Y,,,,,,,,,,
Ms.   F.  Flajolet (Flore !*),12,N,,,,,,,,,,
Mr. F.  Du Moulin De La Breteche (Florentino !*),24,N,,,,,,,,,,
Ms.   A.F.  Detudert (Anne Fleure !*),12,N,,,,,,,,,,
Mr. F.  Faure (Frederic !*),44,N,,,,,,,,,,
Ms.   G. Verhaeghe (Gabrielle !*),59,Y,,,,,,,,,,
Ms.   G. Dagorne (Gaspard     !*),81,Y,,,,,,,,,,
Ms.   F.  Delannoy (Franck !*),22,N,,,,,,,,,,
Mr. L.R. Gazeau (Laure Ruth !*),51,Y,,,,,,,,,,
Mr. V. Stauffer (Vianney !*),24,N,,,,,,,,,,
Ms.   C.P. Palayret (Charles Patrick !*),49,Y,,,,,,,,,,
Ms.   V. Blanchard     (Victoria !*),29,Y,,,,,,,,,,
Mr. V. Peyraud     (Vincent !*),21,Y,,,,,,,,,,
Mr. C.H. Ory (Charles Henri !*),34,N,,,,,,,,,,
Ms.   X. Antier (Xingyu !*),,Y,,,,,,,,,,
Ms.   A.G. Francois Nien Aber (Auriane Giselemarie !*),56,N,,,,,,,,,,
Mr. Y. Atondo (Yann !*),15,Y,,,,,,,,,,
Mr. A. Delorge (Alberto !*),44,N,,,,,,,,,,
Ms.   A.K. Grand     Jeat (Anna Katharina !*),84,N,,,,,,,,,,
Ms.   A. Mc Barnouin (Alexis !*),25,Y,,,,,,,,,,
Mr. A. Duhamel (Alice !*),57,Y,,,,,,,,,,
Mr. A. Caron (Alienor !*),79,Y,,,,,,,,,,
Ms.   A. Roos (Amandine !*),50,N,,,,,,,,,,
Ms.   A.S. Dumoulin De La Breteche (Anne Sophie !*),12,N,,,,,,,,,,
Mr. A. Gourdin (Amelia !*),58,N,,,,,,,,,,
Mr. A. Djordjevic (Anais !*),16,N,,,,,,,,,,
Ms.   A. Du Bazillon (Andrea !*),70,N,,,,,,,,,,
Ms.   J. Salimon (Jeanne !*),64,N,,,,,,,,,,
Mr. A.H. Pony (Alice Helene !*),,Y,,,,,,,,,,
Ms.   J. Le Brissault (Julien !*),17,Y,,,,,,,,,,
Ms.   A.A. De Butterlin (Ad     Alberto !*),69,Y,,,,,,,,,,
Mr. A. Gilson (Anselme !*),77,Y,,,,,,,,,,
Mr. A. Van Doesburg (Apolline !*),39,Y,,,,,,,,,,
Ms.   A. Bretxa (Arnaud     !*),75,Y,,,,,,,,,,
Ms.   A. La Serre (Arthur !*),40,N,,,,,,,,,,
Mr. A. Laurent (Athena !*),18,N,,,,,,,,,,
Mr. F.F.  Mc Barnouin (Felix Ferdinand     !*),63,Y,,,,,,,,,,
Ms.   A. Leder (Aurelie !*),40,N,,,,,,,,,,
Ms.   A. Mendez Ceniga (Aymar !*),43,Y,,,,,,,,,,
Mr. F.J. Roquette (Francois Joseph !*),69,Y,,,,,,,,,,
Mr. B. Dumoulin De La Breteche (Baptistine !*),39,Y,,,,,,,,,,
Ms.   C. Tabet (Charlotte !*),33,Y,,,,,,,,,,
Mr. B. Roehri (Benjamin !*),62,N,,,,,,,,,,
Mr. C. Salimon (Camille !*),29,Y,,,,,,,,,,
Ms.   C. Ramos (Charlene !*),16,N,,,,,,,,,,
Mr. C. Amsler (Cheikh !*),17,Y,,,,,,,,,,
Ms.   L.R. Van Doesburg (Laure Ruth !*),84,N,,,,,,,,,,
Ms.   V. Desmons (Valentin !*),34,N,,,,,,,,,,
Mr. V. Simon (Valentine !*),29,Y,,,,,,,,,,
Mr. V. Le Zimmermann (Vianney !*),61,Y,,,,,,,,,,
Mr. V. Massot (Victor !*),31,Y,,,,,,,,,,
Ms.   C.P. Du Poquillon (Charles Patrick !*),30,N,,,,,,,,,,
Ms.   V. Bruyere (Victoria !*),56,N,,,,,,,,,,
Ms.   V. Chau Rang (Vincent !*),65,Y,,,,,,,,,,
Ms.   V. Bar (Virgile !*),49,Y,,,,,,,,,,
Mr. C.H. Le Roullier (Charles Henri !*),35,Y,,,,,,,,,,
Ms.   W. Feret (William !*),15,Y,,,,,,,,,,
Mr. X. Le Six (Xavier !*),73,Y,,,,,,,,,,
Mr. X. Babaaissa (Xu !*),14,N,,,,,,,,,,
Ms.   A.G. Bossavit (Auriane Giselemarie !*),82,N,,,,,,,,,,
Ms.   Y. Shikh Anova (Yann !*),49,Y,,,,,,,,,,
Ms.   A. Karam (Adrian !*),23,Y,,,,,,,,,,
Mr. A. Chami (Agathe !*),60,N,,,,,,,,,,
Mr. A. Rieker (Alberto !*),73,Y,,,,,,,,,,
Ms.   A. Du Olivaud     (Aldric !*),47,Y,,,,,,,,,,
Mr. A. Rameau (Alexandra !*),53,Y,,,,,,,,,,
Ms.   A.K. Godin (Anna Katharina !*),78,N,,,,,,,,,,
Mr. A. Boulais (Alexandre !*),12,N,,,,,,,,,,
Ms.   A. Cotten (Alexis !*),55,Y,,,,,,,,,,
Ms.   A. De Montchenu (Alice !*),47,Y,,,,,,,,,,
Ms.   A. Maes (Alicia !*),41,Y,,,,,,,,,,
Mr. A.E. Hoffman (Anne Elisabeth !*),75,Y,,,,,,,,,,
Mr. A. It Ty (Alienor !*),29,Y,,,,,,,,,,
Ms.   A. Lebec (Alix !*),63,Y,,,,,,,,,,
Mr. A. Pointeau (Alois !*),83,Y,,,,,,,,,,
Ms.   A. Seiller (Amandine !*),14,N,,,,,,,,,,
Mr. A. Simon (Amaury !*),69,Y,,,,,,,,,,
Ms.   A.S. Lannes De Montebello (Anne Sophie !*),64,N,,,,,,,,,,
Ms.   A. Goehrs (Amelia !*),32,N,,,,,,,,,,
Ms.   A. Laborde (Amelie !*),32,N,,,,,,,,,,
Mr. A. Grob (Amine !*),26,N,,,,,,,,,,
Mr. A. Lamart Ablasco (Anais !*),83,Y,,,,,,,,,,
Ms.   A. Thery (Anastasia !*),25,Y,,,,,,,,,,
Mr. A.C. Bogard     (Alice Celeste !*),35,Y,,,,,,,,,,
Ms.   A. Cost Argent (Andrea !*),71,Y,,,,,,,,,,
Mr. A. Gauthier (Anis !*),57,Y,,,,,,,,,,
Ms.   J. De La Fontaine De Follin (Jeanne !*),52,N,,,,,,,,,,
Ms.   J. Jallot (Jeremy !*),12,N,,,,,,,,,,
Ms.   J. Assierdepompignan (Jessica !*),33,Y,,,,,,,,,,
Mr. J. Berthault (Jonathan !*),77,Y,,,,,,,,,,
Mr. A.H. Jacqmin (Alice Helene !*),33,Y,,,,,,,,,,
Ms.   J. Mazurel (Jules !*),67,Y,,,,,,,,,,
Ms.   J. Tisserand     (Julien !*),19,Y,,,,,,,,,,
Mr. A. Du Chevillotte (Annezoe !*),64,N,,,,,,,,,,
Ms.   A.A. Gloaguen (Ad     Alberto !*),,N,,,,,,,,,,
Ms.   A. Wis (Anselme !*),37,Y,,,,,,,,,,
Ms.   A. Le Laurent (Antoine !*),27,Y,,,,,,,,,,
Mr. A. La Coste (Antonin !*),46,N,,,,,,,,,,
Mr. A. Malbernard     (Apolline !*),59,Y,,,,,,,,,,
Ms.   A. Futtersack (Ariane !*),52,N,,,,,,,,,,
Mr. G.F.  Jourdier (Gilles Florian !*),31,Y,,,,,,,,,,
Ms.   A. Boulenger (Arnaud     !*),36,N,,,,,,,,,,
Mr. A. Dedieu (Arnoux !*),25,Y,,,,,,,,,,
Ms.   A. Hayet (Arthur !*),12,N,,,,,,,,,,
Ms.   A. Guerin (Athena !*),22,N,,,,,,,,,,
Ms.   A. Hayot (Aude !*),41,Y,,,,,,,,,,
Mr. A. Du Guettier (Audrey !*),76,N,,,,,,,,,,
Mr. F.F.  Ollivier (Felix Ferdinand     !*),55,Y,,,,,,,,,,
Ms.   A. Flajolet (Augustin !*),33,Y,,,,,,,,,,
Mr. A. Du Moulin De La Breteche (Aurelia !*),83,Y,,,,,,,,,,
Ms.   A. Detudert (Aurelie !*),55,Y,,,,,,,,,,
Mr. A. Faure (Axel !*),42,N,,,,,,,,,,
Ms.   A. Verhaeghe (Aymar !*),39,Y,,,,,,,,,,
Ms.   F.J. Dagorne (Francois Joseph !*),68,N,,,,,,,,,,
Ms.   B. Delannoy (Balthazar !*),82,N,,,,,,,,,,
Mr. B. Gazeau (Baptiste !*),48,N,,,,,,,,,,
Mr. B. Liagre (Baptistine !*),71,Y,,,,,,,,,,
Ms.   B. La Carouge (Bartlomiej !*),16,N,,,,,,,,,,
Mr. B. Stauffer (Basile !*),57,Y,,,,,,,,,,
Ms.   C. Bissery (Charlotte !*),22,N,,,,,,,,,,
Mr. C.J.P. Krzywdzik (Charles Jean Patrick !*),58,N,,,,,,,,,,
Ms.   B. Palayret (Benedicte !*),36,N,,,,,,,,,,
Ms.   B. Le Clerc De Bussy (Benjamin !*),33,Y,,,,,,,,,,
Ms.   B. Blanchard     (Birassi !*),76,N,,,,,,,,,,
Mr. J.C. Peyraud     (Jean Christophe !*),68,N,,,,,,,,,,
Mr. C. Ngimbous (Camille !*),52,N,,,,,,,,,,
Ms.   C. Du Perche (Cao !*),25,Y,,,,,,,,,,
Mr. J.L.M. Ory (Jean Louis Marco !*),66,N,,,,,,,,,,
Mr. C. Sow (Cecilia !*),16,N,,,,,,,,,,
Ms.   C. Antier (Charlene !*),16,N,,,,,,,,,,
Ms.   C. Francois Nien Aber (Chen !*),75,Y,,,,,,,,,,
Mr. A.S.P. Atondo (Anne Sophie Pauline !*),35,Y,,,,,,,,,,
Mr. F.  Gratte Panche (Flore !*),63,Y,,,,,,,,,,
Ms.   F.  Bretxa (Florentino !*),48,N,,,,,,,,,,
Mr. A.F.  Delorge (Anne Fleure !*),22,N,,,,,,,,,,
Ms.   L.R. La Serre (Laure Ruth !*),49,Y,,,,,,,,,,
Mr. V. Laurent (Valentin !*),,Y,,,,,,,,,,
Ms.   V. Grand     Jeat (Valentine !*),55,Y,,,,,,,,,,
Ms.   V. Wadih (Vianney !*),13,Y,,,,,,,,,,
Ms.   V. Mc Barnouin (Victoire !*),19,Y,,,,,,,,,,
Mr. V. Duhamel (Victor !*),81,Y,,,,,,,,,,
Mr. C.P. Gouget (Charles Patrick !*),85,Y,,,,,,,,,,
Mr. V. Caron (Victoria !*),30,N,,,,,,,,,,
Ms.   V. Mendez Ceniga (Vincent !*),42,N,,,,,,,,,,
Ms.   C.H. Delepoulle (Charles Henri !*),70,N,,,,,,,,,,
Ms.   W. Dumoulin De La Breteche (William !*),50,N,,,,,,,,,,
Mr. X. Gourdin (Xavier !*),67,Y,,,,,,,,,,
Mr. X. Vanhoye (Xingyu !*),13,Y,,,,,,,,,,
Ms.   X. Tabet (Xu !*),32,N,,,,,,,,,,
Mr. A.G. Djordjevic (Auriane Giselemarie !*),23,Y,,,,,,,,,,
Ms.   Y. Le Fuller (Yann !*),31,Y,,,,,,,,,,
Mr. A. Roehri (Adrian !*),36,N,,,,,,,,,,
Ms.   A. Du Bazillon (Agathe !*),71,Y,,,,,,,,,,
Ms.   A. Martin (Alberto !*),53,Y,,,,,,,,,,
Ms.   A. Salimon (Aldric !*),79,Y,,,,,,,,,,
Mr. A. Bouyer (Alexandra !*),55,Y,,,,,,,,,,
Mr. A.K. Le Pays Du Teilleul (Anna Katharina !*),83,Y,,,,,,,,,,
Ms.   A. Lyon (Alexandre !*),,Y,,,,,,,,,,
Mr. A. Pony (Alexis !*),75,Y,,,,,,,,,,
Ms.   A. Ramos (Alice !*),38,N,,,,,,,,,,
Mr. A. Amsler (Alicia !*),69,Y,,,,,,,,,,
Ms.   A.E. Le Brissault (Anne Elisabeth !*),13,Y,,,,,,,,,,
Ms.   A. Dumont (Alienor !*),46,N,,,,,,,,,,
Ms.   A. De Butterlin (Alix !*),49,Y,,,,,,,,,,
Mr. A. Gilson (Alois !*),12,N,,,,,,,,,,
Mr. A. Niel (Amandine !*),87,Y,,,,,,,,,,
Ms.   B. Berson (Basile !*),34,N,,,,,,,,,,
Mr. C. Van Doesburg (Charlotte !*),59,Y,,,,,,,,,,
Ms.   C.J.P. Desmons (Charles Jean Patrick !*),77,Y,,,,,,,,,,
Ms.   B. Le Zimmermann (Benjamin !*),48,N,,,,,,,,,,
Ms.   B. Guery (Birassi !*),79,Y,,,,,,,,,,
Ms.   J.C. Massot (Jean Christophe !*),68,N,,,,,,,,,,
Mr. C. Du Poquillon (Camille !*),35,Y,,,,,,,,,,
Mr. C. Olivier (Cao !*),68,N,,,,,,,,,,
Ms.   J.L.M. Bruyere (Jean Louis Marco !*),15,Y,,,,,,,,,,
Mr. C. Chau Rang (Cecilesun !*),17,Y,,,,,,,,,,
Ms.   C. Bar (Cecilia !*),73,Y,,,,,,,,,,
Mr. C. Brucker (Charlene !*),32,N,,,,,,,,,,
Ms.   A.S.P. Le Six (Anne Sophie Pauline !*),33,Y,,,,,,,,,,
Mr. F.  Babaaissa (Florentino !*),45,Y,,,,,,,,,,
Ms.   A.F.  Bossavit (Anne Fleure !*),54,N,,,,,,,,,,
Mr. L.R. Shikh Anova (Laure Ruth !*),44,N,,,,,,,,,,
Ms.   V. Karam (Valentin !*),22,N,,,,,,,,,,
Mr. V. Chami (Valentine !*),50,N,,,,,,,,,,
Ms.   V. Rieker (Vianney !*),38,N,,,,,,,,,,
Ms.   V. Du Olivaud     (Victoire !*),87,Y,,,,,,,,,,
Ms.   V. Rameau (Victor !*),25,Y,,,,,,,,,,
Mr. C.P. Godin (Charles Patrick !*),60,N,,,,,,,,,,
Mr. V. Boulais (Victorm !*),79,Y,,,,,,,,,,
Ms.   V. Cotten (Victoria !*),83,Y,,,,,,,,,,
Ms.   V. Maes (Virgile !*),64,N,,,,,,,,,,
Mr. W. Hoffman (Werner !*),60,N,,,,,,,,,,
Ms.   C.H. It Ty (Charles Henri !*),48,N,,,,,,,,,,
Ms.   W. Lebec (William !*),80,N,,,,,,,,,,
Ms.   X. Pointeau (Xavier !*),68,N,,,,,,,,,,
Ms.   A.G. Lannes De Montebello (Auriane Giselemarie !*),60,N,,,,,,,,,,
Mr. Y. Goehrs (Yann !*),,Y,,,,,,,,,,
Ms.   A. Laborde (Adrian !*),74,N,,,,,,,,,,
Mr. A. Grob (Agathe !*),58,N,,,,,,,,,,
Ms.   A. Lamart Ablasco (Alberto !*),23,Y,,,,,,,,,,
Ms.   L.R. Thery (Laure Ruth !*),18,N,,,,,,,,,,
Ms.   V. Bogard     (Valentin !*),20,N,,,,,,,,,,
Mr. V. Cost Argent (Valentine !*),85,Y,,,,,,,,,,
Mr. V. Gauthier (Vianney !*),48,N,,,,,,,,,,
Ms.   V. De La Fontaine De Follin (Victoire !*),21,Y,,,,,,,,,,
Mr. V. Jallot (Victor !*),50,N,,,,,,,,,,
Ms.   C.P. Assierdepompignan (Charles Patrick !*),85,Y,,,,,,,,,,
Mr. V. Berthault (Victorm !*),45,Y,,,,,,,,,,
Ms.   V. Jacqmin (Victoria !*),45,Y,,,,,,,,,,
Ms.   V. Mazurel (Vincent !*),61,Y,,,,,,,,,,
Mr. W. Tisserand     (Werner !*),37,Y,,,,,,,,,,
Mr. C.H. Du Chevillotte (Charles Henri !*),38,N,,,,,,,,,,
Ms.   W. Gloaguen (William !*),78,N,,,,,,,,,,
Mr. X. Wis (Xavier !*),74,N,,,,,,,,,,
Ms.   X. Le Laurent (Xingyu !*),81,Y,,,,,,,,,,
Mr. X. La Coste (Xu !*),77,Y,,,,,,,,,,
Ms.   A.G. Malbernard     (Auriane Giselemarie !*),,Y,,,,,,,,,,
Ms.   Y. Futtersack (Yann !*),46,N,,,,,,,,,,
Ms.   A. Jourdier (Adrian !*),51,Y,,,,,,,,,,
Mr. A. Boulenger (Agathe !*),51,Y,,,,,,,,,,
Mr. A. Dedieu (Alberto !*),71,Y,,,,,,,,,,
Ms.   A. Hayet (Aldric !*),54,N,,,,,,,,,,
Mr. A. Guerin (Alexandra !*),43,Y,,,,,,,,,,
Ms.   A.K. Hayot (Anna Katharina !*),70,N,,,,,,,,,,
Mr. A. Du Guettier (Alexandre !*),40,N,,,,,,,,,,
Ms.   A. Ollivier (Alexis !*),56,N,,,,,,,,,,
Ms.   A. Flajolet (Alice !*),15,Y,,,,,,,,,,
Ms.   A. Du Moulin De La Breteche (Alicia !*),29,Y,,,,,,,,,,
Mr. A.E. Detudert (Anne Elisabeth !*),58,N,,,,,,,,,,
Mr. A. Faure (Alienor !*),19,Y,,,,,,,,,,
Ms.   A. Verhaeghe (Alix !*),50,N,,,,,,,,,,
Mr. A. Dagorne (Alois !*),84,N,,,,,,,,,,
Ms.   A. Delannoy (Amandine !*),12,N,,,,,,,,,,
Mr. A. Gazeau (Amaury !*),17,Y,,,,,,,,,,
Ms.   A.S. Liagre (Anne Sophie !*),34,N,,,,,,,,,,
Ms.   A. La Carouge (Amelia !*),62,N,,,,,,,,,,
Ms.   A. Stauffer (Amelie !*),54,N,,,,,,,,,,
Mr. A. Bissery (Amine !*),65,Y,,,,,,,,,,
Mr. A. Krzywdzik (Anais !*),65,Y,,,,,,,,,,
Ms.   A. Palayret (Anastasia !*),79,Y,,,,,,,,,,
Mr. A.C. Le Clerc De Bussy (Alice Celeste !*),37,Y,,,,,,,,,,
Ms.   A. Blanchard     (Andrea !*),56,N,,,,,,,,,,
Mr. A. Peyraud     (Anis !*),15,Y,,,,,,,,,,
Ms.   J. Ngimbous (Jeanne !*),45,Y,,,,,,,,,,
Ms.   J. Ory (Jessica !*),60,N,,,,,,,,,,
Mr. J. Thilloy (Jonathan !*),85,Y,,,,,,,,,,
Mr. A.H. Sow (Alice Helene !*),43,Y,,,,,,,,,,
Ms.   J. Antier (Jules !*),81,Y,,,,,,,,,,
Ms.   J. Francois Nien Aber (Julien !*),71,Y,,,,,,,,,,
Mr. A. Atondo (Annezoe !*),26,N,,,,,,,,,,
Ms.   A.A. Gratte Panche (Ad     Alberto !*),18,N,,,,,,,,,,
Ms.   A. Bretxa (Anselme !*),56,N,,,,,,,,,,
Ms.   A. Delorge (Antoine !*),30,N,,,,,,,,,,
Mr. A. La Serre (Antonin !*),60,N,,,,,,,,,,
Mr. A. Laurent (Apolline !*),22,N,,,,,,,,,,
Ms.   A. Grand     Jeat (Ariane !*),19,Y,,,,,,,,,,
Mr. G.F.  Wadih (Gilles Florian !*),18,N,,,,,,,,,,
Ms.   A. Mc Barnouin (Arnaud     !*),59,Y,,,,,,,,,,
Mr. A. Duhamel (Arnoux !*),38,N,,,,,,,,,,
Ms.   A. Gouget (Arthur !*),41,Y,,,,,,,,,,
Ms.   A. Leder (Athena !*),28,N,,,,,,,,,,
Ms.   A. Caron (Aude !*),,N,,,,,,,,,,
Mr. A. Mendez Ceniga (Audrey !*),86,N,,,,,,,,,,
Mr. F.F.  Roquette (Felix Ferdinand     !*),46,N,,,,,,,,,,
Ms.   A. Roos (Augustin !*),77,Y,,,,,,,,,,
Mr. A. Delepoulle (Aurelia !*),32,N,,,,,,,,,,
Ms.   A. Dumoulin De La Breteche (Aurelie !*),81,Y,,,,,,,,,,
Mr. A. Gourdin (Axel !*),38,N,,,,,,,,,,
Ms.   A. Vanhoye (Aymar !*),84,N,,,,,,,,,,
Ms.   F.J. Tabet (Francois Joseph !*),15,Y,,,,,,,,,,
Ms.   B. Djordjevic (Balthazar !*),49,Y,,,,,,,,,,
Mr. B. Le Fuller (Baptiste !*),62,N,,,,,,,,,,
Mr. B. Roehri (Baptistine !*),44,N,,,,,,,,,,
Ms.   B. Du Bazillon (Bartlomiej !*),48,N,,,,,,,,,,
Mr. B. Martin (Basile !*),35,Y,,,,,,,,,,
Ms.   C. Salimon (Charlotte !*),73,Y,,,,,,,,,,
Mr. C.J.P. Bouyer (Charles Jean Patrick !*),29,Y,,,,,,,,,,
Ms.   B. Le Pays Du Teilleul (Benedicte !*),34,N,,,,,,,,,,
Ms.   B. Lyon (Benjamin !*),59,Y,,,,,,,,,,
Ms.   B. Pony (Birassi !*),57,Y,,,,,,,,,,
Mr. J.C. Ramos (Jean Christophe !*),77,Y,,,,,,,,,,
Mr. C. Amsler (Camille !*),49,Y,,,,,,,,,,
Ms.   C. Le Brissault (Cao !*),22,N,,,,,,,,,,
Mr. J.L.M. Dumont (Jean Louis Marco !*),76,N,,,,,,,,,,
Mr. C. Gilson (Cecilia !*),34,N,,,,,,,,,,
Ms.   C. Niel (Charlene !*),45,Y,,,,,,,,,,
Ms.   C. Van Doesburg (Chen !*),28,N,,,,,,,,,,
Mr. A.S.P. Desmons (Anne Sophie Pauline !*),68,N,,,,,,,,,,
Ms.   F.  Le Zimmermann (Florentino !*),29,Y,,,,,,,,,,
Mr. A.F.  Guery (Anne Fleure !*),22,N,,,,,,,,,,
Ms.   F.  Massot (Frederic !*),77,Y,,,,,,,,,,
Mr. G. Du Poquillon (Gabrielle !*),36,N,,,,,,,,,,
Ms.   G. Olivier (Gaspard     !*),40,N,,,,,,,,,,
Ms.   F.  Bruyere (Franck !*),77,Y,,,,,,,,,,
Ms.   L.R. Chau Rang (Laure Ruth !*),,N,,,,,,,,,,
Mr. V. Bar (Valentin !*),44,N,,,,,,,,,,
Mr. V. Brucker (Valentine !*),42,N,,,,,,,,,,
Ms.   V. Le Roullier (Vianney !*),42,N,,,,,,,,,,
Mr. C.P. Pouch (Charles Patrick !*),50,N,,,,,,,,,,
Ms.   V. Babaaissa (Victorm !*),31,Y,,,,,,,,,,
Ms.   V. Bossavit (Victoria !*),81,Y,,,,,,,,,,
Ms.   V. Shikh Anova (Vincent !*),15,Y,,,,,,,,,,
Mr. V. Karam (Virgile !*),15,Y,,,,,,,,,,
Mr. W. Chami (Werner !*),36,N,,,,,,,,,,
Ms.   C.H. Rieker (Charles Henri !*),31,Y,,,,,,,,,,
Mr. W. Du Olivaud     (William !*),85,Y,,,,,,,,,,
Ms.   X. Atondo (Xavier !*),41,Y,,,,,,,,,,
Mr. X. Gratte Panche (Xingyu !*),57,Y,,,,,,,,,,
Ms.   X. Bretxa (Xu !*),38,N,,,,,,,,,,
Ms.   A.G. Delorge (Auriane Giselemarie !*),28,N,,,,,,,,,,
Ms.   Y. La Serre (Yann !*),47,Y,,,,,,,,,,
Mr. A. Laurent (Adrian !*),49,Y,,,,,,,,,,
Mr. A. Grand     Jeat (Agathe !*),,N,,,,,,,,,,
Ms.   A. Wadih (Alberto !*),39,Y,,,,,,,,,,
Mr. A. Mc Barnouin (Aldric !*),56,N,,,,,,,,,,
Ms.   A. Duhamel (Alexandra !*),53,Y,,,,,,,,,,
Mr. A.K. Gouget (Anna Katharina !*),56,N,,,,,,,,,,
Ms.   A. Leder (Alexandre !*),48,N,,,,,,,,,,
Ms.   A. Caron (Alexis !*),14,N,,,,,,,,,,
Ms.   A. Mendez Ceniga (Alice !*),73,Y,,,,,,,,,,
Mr. A. Roquette (Alicia !*),48,N,,,,,,,,,,
Mr. A.E. Roos (Anne Elisabeth !*),20,N,,,,,,,,,,
Ms.   A. Delepoulle (Alienor !*),46,N,,,,,,,,,,
Mr. A. Dumoulin De La Breteche (Alix !*),28,N,,,,,,,,,,
Ms.   A. Gourdin (Alois !*),87,Y,,,,,,,,,,
Mr. A. Vanhoye (Amandine !*),46,N,,,,,,,,,,
Ms.   A. Tabet (Amaury !*),47,Y,,,,,,,,,,
Ms.   A.S. Djordjevic (Anne Sophie !*),25,Y,,,,,,,,,,
Ms.   A. Le Fuller (Amelia !*),50,N,,,,,,,,,,
Mr. A. Roehri (Amelie !*),81,Y,,,,,,,,,,
Mr. A. Du Bazillon (Amine !*),12,N,,,,,,,,,,
Ms.   A. Martin (Anais !*),45,Y,,,,,,,,,,
Mr. A. Salimon (Anastasia !*),39,Y,,,,,,,,,,
Ms.   A.C. Bouyer (Alice Celeste !*),15,Y,,,,,,,,,,
Mr. A. Le Pays Du Teilleul (Andrea !*),28,N,,,,,,,,,,
Ms.   A. Lyon (Anis !*),19,Y,,,,,,,,,,
Ms.   J. Pony (Jeanne !*),16,N,,,,,,,,,,
Ms.   J. Ramos (Jeremy !*),47,Y,,,,,,,,,,
Mr. J. Amsler (Jessica !*),68,N,,,,,,,,,,
Mr. J. Le Brissault (Jonathan !*),43,Y,,,,,,,,,,
Ms.   A.H. Dumont (Alice Helene !*),25,Y,,,,,,,,,,
Ms.   A. Berson (Annezoe !*),85,Y,,,,,,,,,,
Ms.   A.A. Van Doesburg (Ad     Alberto !*),62,N,,,,,,,,,,
Ms.   A. Desmons (Anselme !*),53,Y,,,,,,,,,,
Mr. A. Simon (Antoine !*),38,N,,,,,,,,,,
Mr. A. Le Zimmermann (Antonin !*),,Y,,,,,,,,,,
Ms.   A. Guery (Apolline !*),26,N,,,,,,,,,,
Mr. A. Massot (Ariane !*),21,Y,,,,,,,,,,
Ms.   G.F.  Du Poquillon (Gilles Florian !*),27,Y,,,,,,,,,,
Mr. A. Olivier (Arnaud     !*),85,Y,,,,,,,,,,
Ms.   A. Bruyere (Arnoux !*),31,Y,,,,,,,,,,
Ms.   A. Chau Rang (Arthur !*),37,Y,,,,,,,,,,
Ms.   A. Bar (Athena !*),31,Y,,,,,,,,,,
Mr. A. Brucker (Aude !*),14,N,,,,,,,,,,
Mr. A. Le Roullier (Audrey !*),20,N,,,,,,,,,,
Ms.   F.F.  Feret (Felix Ferdinand     !*),38,N,,,,,,,,,,
Mr. A. Le Six (Augustin !*),26,N,,,,,,,,,,
Ms.   A. Pouch (Aurelia !*),60,N,,,,,,,,,,
Mr. A. Babaaissa (Aurelie !*),67,Y,,,,,,,,,,
Ms.   A. Bossavit (Axel !*),77,Y,,,,,,,,,,
Ms.   A. Shikh Anova (Aymar !*),72,N,,,,,,,,,,
Ms.   F.J. Karam (Francois Joseph !*),23,Y,,,,,,,,,,
Mr. B. Chami (Balthazar !*),19,Y,,,,,,,,,,
Mr. B. Rieker (Baptiste !*),16,N,,,,,,,,,,
Ms.   B. Du Olivaud     (Baptistine !*),70,N,,,,,,,,,,
Mr. B. Rameau (Bartlomiej !*),14,N,,,,,,,,,,
Ms.   B. Godin (Basile !*),26,N,,,,,,,,,,
Mr. C. Boulais (Charlotte !*),53,Y,,,,,,,,,,
Ms.   C.J.P. Cotten (Charles Jean Patrick !*),,N,,,,,,,,,,
Ms.   B. Maes (Benjamin !*),83,Y,,,,,,,,,,
Mr. B. Hoffman (Birassi !*),51,Y,,,,,,,,,,
Mr. J.C. It Ty (Jean Christophe !*),70,N,,,,,,,,,,
Ms.   C. Lebec (Camille !*),18,N,,,,,,,,,,
Mr. C. Pointeau (Cao !*),57,Y,,,,,,,,,,
Ms.   J.L.M. Seiller (Jean Louis Marco !*),51,Y,,,,,,,,,,
Ms.   C. Lannes De Montebello (Cecilia !*),20,N,,,,,,,,,,
Ms.   C. Goehrs (Charlene !*),47,Y,,,,,,,,,,
Ms.   C. Laborde (Cheikh !*),43,Y,,,,,,,,,,
Mr. A.S.P. Lamart Ablasco (Anne Sophie Pauline !*),82,N,,,,,,,,,,
Mr. F.  Bogard     (Florentino !*),83,Y,,,,,,,,,,
Ms.   A.F.  Cost Argent (Anne Fleure !*),26,N,,,,,,,,,,
Mr. F.  Gauthier (Frederic !*),83,Y,,,,,,,,,,
Ms.   G. De La Fontaine De Follin (Gabrielle !*),35,Y,,,,,,,,,,
Ms.   G. Jallot (Gaspard     !*),16,N,,,,,,,,,,
Ms.   F.  Assierdepompignan (Franck !*),41,Y,,,,,,,,,,
Mr. L.R. Berthault (Laure Ruth !*),32,N,,,,,,,,,,
Mr. V. Jacqmin (Valentin !*),18,N,,,,,,,,,,
Ms.   V. Mazurel (Valentine !*),87,Y,,,,,,,,,,
Mr. V. Michel (Vianney !*),75,Y,,,,,,,,,,
Ms.   V. Tisserand     (Victoire !*),76,N,,,,,,,,,,
Ms.   C.P. Gloaguen (Charles Patrick !*),23,Y,,,,,,,,,,
Ms.   V. Le Laurent (Victoria !*),35,Y,,,,,,,,,,
Mr. V. La Coste (Vincent !*),61,Y,,,,,,,,,,
Mr. V. Malbernard     (Virgile !*),83,Y,,,,,,,,,,
Ms.   W. Futtersack (Werner !*),27,Y,,,,,,,,,,
Mr. C.H. Jourdier (Charles Henri !*),55,Y,,,,,,,,,,
Ms.   W. Boulenger (William !*),32,N,,,,,,,,,,
Mr. X. Dedieu (Xavier !*),16,N,,,,,,,,,,
Ms.   X. Hayet (Xingyu !*),50,N,,,,,,,,,,
Ms.   A.G. Hayot (Auriane Giselemarie !*),69,Y,,,,,,,,,,
Mr. Y. Du Guettier (Yann !*),66,N,,,,,,,,,,
Mr. A. Ollivier (Adrian !*),22,N,,,,,,,,,,
Ms.   A. Flajolet (Agathe !*),,Y,,,,,,,,,,
Mr. A. Du Moulin De La Breteche (Alberto !*),65,Y,,,,,,,,,,
Ms.   A. Detudert (Aldric !*),27,Y,,,,,,,,,,
Mr. A. Faure (Alexandra !*),71,Y,,,,,,,,,,
Ms.   A.K. Verhaeghe (Anna Katharina !*),70,N,,,,,,,,,,
Ms.   A. Dagorne (Alexandre !*),41,Y,,,,,,,,,,
Ms.   A. Gratte Panche (Alexis !*),80,N,,,,,,,,,,
Mr. A. Bretxa (Alice !*),20,N,,,,,,,,,,
Mr. A. Delorge (Alicia !*),71,Y,,,,,,,,,,
Ms.   A.E. La Serre (Anne Elisabeth !*),17,Y,,,,,,,,,,
Mr. A. Laurent (Alienor !*),23,Y,,,,,,,,,,
Ms.   A. Grand     Jeat (Alix !*),,Y,,,,,,,,,,
Mr. A. Wadih (Alois !*),74,N,,,,,,,,,,
Ms.   A. Mc Barnouin (Amandine !*),47,Y,,,,,,,,,,
Ms.   A. Duhamel (Amaury !*),18,N,,,,,,,,,,
Ms.   A.S. Gouget (Anne Sophie !*),74,N,,,,,,,,,,
Mr. A. Leder (Amelia !*),26,N,,,,,,,,,,
Mr. A. Caron (Amelie !*),65,Y,,,,,,,,,,
Ms.   A. Mendez Ceniga (Amine !*),40,N,,,,,,,,,,
